split,arm,seed,scored,best_epoch,epochs,stopped_by,eval_top1,eval_top3,test_top1,test_top3,run_dir
iid,cent,4,server,143,400,rule,68.8,90.64,67.94,91.03,iid_clients_centralized_cifar10_4clients_4000samples_iid-cent_seed4
iid,cent,5,server,93,400,rule,70.28,91.9,70.31,91.54,iid_clients_centralized_cifar10_4clients_4000samples_iid-cent_seed5
iid,cent,6,server,219,400,rule,66.22,89.58,65.8,89.21,iid_clients_centralized_cifar10_4clients_4000samples_iid-cent_seed6
iid,fast,4,server,331,400,rule,67.62,90.22,66.73,90.48,iid_clients_feddream_fast_cifar10_4clients_1000samples_iid-fast_seed4
iid,fast,4,clients,271,400,rule,69.095,90.66,68.86,90.92000000000002,iid_clients_feddream_fast_cifar10_4clients_1000samples_iid-fast_seed4
iid,fast,5,server,336,400,rule,68.08,89.88,67.46,89.91,iid_clients_feddream_fast_cifar10_4clients_1000samples_iid-fast_seed5
iid,fast,5,clients,331,400,rule,69.2,90.355,69.19,90.82,iid_clients_feddream_fast_cifar10_4clients_1000samples_iid-fast_seed5
iid,fast,6,server,356,400,rule,69.48,90.7,68.41,90.21,iid_clients_feddream_fast_cifar10_4clients_1000samples_iid-fast_seed6
iid,fast,6,clients,356,400,rule,70.84,91.35,69.995,90.86000000000001,iid_clients_feddream_fast_cifar10_4clients_1000samples_iid-fast_seed6
iid,fedavg,4,server,381,401,rule,65.18,87.54,64.68,87.78,iid_clients_fl_cifar10_4clients_1000samples_iid-fedavg_seed4
iid,fedavg,5,server,393,413,rule,67.86,89.28,66.7,88.89,iid_clients_fl_cifar10_4clients_1000samples_iid-fedavg_seed5
iid,fedavg,6,server,381,401,rule,64.08,88.12,63.15,87.37,iid_clients_fl_cifar10_4clients_1000samples_iid-fedavg_seed6
dir01,cent,4,server,114,400,rule,46.24,73.96,45.95,74.3,non_iid_balanced_clients_centralized_cifar10_4clients_1000samples_dir01-cent_seed4
dir01,cent,5,server,91,400,rule,53.2,75.64,53.93,76.77,non_iid_balanced_clients_centralized_cifar10_4clients_1000samples_dir01-cent_seed5
dir01,cent,6,server,92,400,rule,54.02,77.6,53.79,77.5,non_iid_balanced_clients_centralized_cifar10_4clients_1000samples_dir01-cent_seed6
dir01,fast,4,server,116,400,rule,33.0,65.64,33.28,65.34,non_iid_balanced_clients_feddream_fast_cifar10_4clients_1000samples_dir01-fast_seed4
dir01,fast,4,clients,116,400,rule,34.63,67.575,34.325,67.5125,non_iid_balanced_clients_feddream_fast_cifar10_4clients_1000samples_dir01-fast_seed4
dir01,fast,5,server,1,400,rule,12.1,31.66,11.73,31.89,non_iid_balanced_clients_feddream_fast_cifar10_4clients_1000samples_dir01-fast_seed5
dir01,fast,5,clients,94,400,rule,21.425,39.935,21.2175,39.7675,non_iid_balanced_clients_feddream_fast_cifar10_4clients_1000samples_dir01-fast_seed5
dir01,fast,6,server,56,400,rule,33.46,69.5,33.62,70.04,non_iid_balanced_clients_feddream_fast_cifar10_4clients_1000samples_dir01-fast_seed6
dir01,fast,6,clients,56,400,rule,31.505,67.285,31.3925,67.9175,non_iid_balanced_clients_feddream_fast_cifar10_4clients_1000samples_dir01-fast_seed6
dir01,fedavg,4,server,236,400,rule,42.76,72.78,42.04,72.0,non_iid_balanced_clients_fl_cifar10_4clients_1000samples_dir01-fedavg_seed4
dir01,fedavg,5,server,240,400,rule,38.9,60.98,39.04,61.07,non_iid_balanced_clients_fl_cifar10_4clients_1000samples_dir01-fedavg_seed5
dir01,fedavg,6,server,316,400,rule,46.68,64.1,46.65,64.08,non_iid_balanced_clients_fl_cifar10_4clients_1000samples_dir01-fedavg_seed6
disjoint,cent,4,server,216,400,rule,62.7,87.88,62.37,87.4,non_iid_disjoint_centralized_cifar10_4clients_1000samples_disjoint-cent_seed4
disjoint,cent,5,server,173,400,rule,68.66,89.94,67.14,89.68,non_iid_disjoint_centralized_cifar10_4clients_1000samples_disjoint-cent_seed5
disjoint,cent,6,server,276,400,rule,66.4,90.0,64.94,89.03,non_iid_disjoint_centralized_cifar10_4clients_1000samples_disjoint-cent_seed6
disjoint,fast,4,server,71,400,rule,16.76,40.28,16.75,40.83,non_iid_disjoint_feddream_fast_cifar10_4clients_1000samples_disjoint-fast_seed4
disjoint,fast,4,clients,60,400,rule,19.675,29.97,19.5875,30.0425,non_iid_disjoint_feddream_fast_cifar10_4clients_1000samples_disjoint-fast_seed4
disjoint,fast,5,server,26,400,rule,19.18,42.88,18.76,43.15,non_iid_disjoint_feddream_fast_cifar10_4clients_1000samples_disjoint-fast_seed5
disjoint,fast,5,clients,120,400,rule,20.744999999999997,33.12,20.695,33.067499999999995,non_iid_disjoint_feddream_fast_cifar10_4clients_1000samples_disjoint-fast_seed5
disjoint,fast,6,server,1,400,rule,10.4,27.48,10.8,28.26,non_iid_disjoint_feddream_fast_cifar10_4clients_1000samples_disjoint-fast_seed6
disjoint,fast,6,clients,90,400,rule,19.18,31.735,19.165,31.975,non_iid_disjoint_feddream_fast_cifar10_4clients_1000samples_disjoint-fast_seed6
disjoint,fedavg,4,server,423,443,rule,45.26,77.78,43.42,77.6,non_iid_disjoint_fl_cifar10_4clients_1000samples_disjoint-fedavg_seed4
disjoint,fedavg,5,server,413,433,rule,44.38,78.52,44.11,77.51,non_iid_disjoint_fl_cifar10_4clients_1000samples_disjoint-fedavg_seed5
disjoint,fedavg,6,server,385,405,rule,34.08,71.48,33.2,71.47,non_iid_disjoint_fl_cifar10_4clients_1000samples_disjoint-fedavg_seed6
